Cycle,0
Average Width,0
Width,,0
Point0,H1,(84.3623128386 112),
Point0,H2,,
Point0,H3,,
Point0,H4,,
Point0,H5,,
Point0,H6,(-0.28515487751 279),(-0.121333093517 398),(-0.0193455615756 547),(-0.0327515137906 692),(-7.9936057773e-15 825),(-1.06581410364e-14 971),(-0.0111905725733 1126),(-6.2172489379e-15 1258),(-9.7699626167e-15 1400),(-0.00502134286354 1546),(1.7763568394e-15 1695),(9.7699626167e-15 1825),(-0.0080951554426 1967),(-0.00238734477768 2116),(-0.00188055254742 2245),(-2.30926389122e-14 2381),(-0.00943496569582 2521),(-1.59872115546e-14 2655),(-1.33226762955e-14 2779),(-8.881784197e-16 2921),(-4.35207425653e-14 3062),(-0.00169724967938 3202),(-1.86517468137e-14 3328),(-3.28626015289e-14 3465),(-1.86517468137e-14 3595),(-2.57571741713e-14 3736),(-7.9936057773e-15 3871),(-2.6645352591e-15 4008),(-0.014270538809 4140),(3.5527136788e-14 4275),(-0.00305586798096 4412),(-0.00353421742756 4554),(-0.000785474474522 4698),(8.881784197e-15 4841),(-3.5527136788e-15 4982),(-9.7699626167e-15 5121),(-6.2172489379e-15 5261),(2.6645352591e-15 5388),(2.6645352591e-15 5527),(1.42108547152e-14 5671),(-2.39808173319e-14 5801),(2.48689957516e-14 5934),(1.06581410364e-14 6080),(-1.06581410364e-14 6208),(7.9936057773e-15 6360),(-0.00184470205306 6505),(7.1054273576e-15 6647),(7.1054273576e-15 6792),(1.86517468137e-14 6921),(1.7763568394e-14 7062),(2.84217094304e-14 7202),(1.50990331349e-14 7333),(1.86517468137e-14 7453),(-2.13162820728e-14 7584),(-4.4408920985e-15 7720),(-0.0118151102888 7847),(-0.0141636670953 7980),(1.50990331349e-14 8113),(1.68753899743e-14 8243),(-2.6645352591e-15 8367),(-0.000400478481254 8491),(-0.0131897763949 8617),(1.7763568394e-15 8746),
